{"cameraMode":{"drawMode":0,"name":"Shaded","section":"Shading Mode"},"sceneLighting":true,"audioPlay":false,"sceneViewState":{"m_AlwaysRefresh":false,"showFog":true,"showSkybox":true,"showFlares":true,"showImageEffects":true,"showParticleSystems":true,"showVisualEffectGraphs":true,"m_FxEnabled":true},"in2DMode":false,"pivot":{"x":3.9583969116210939,"y":1.095261573791504,"z":2.9088010787963869},"rotation":{"x":0.0705181285738945,"y":-0.9266658425331116,"z":0.22088485956192017,"w":0.2958126366138458},"size":0.8660253882408142,"orthographic":false}